joe11,Joe,Frank
ssmith,Sarah,Smith
siqba064,Sayef,Iqbal
reganr,Robert,Regan
forman1,Robert,Forman
chan9,Eric,Chan
lily16,Lily,Zhang
nixon15,Richard,Nixon
hardy04,Tom,Hardy
mhelen,Michaela,Helen